Date/Time,Environment:Site Outdoor Air Drybulb Temperature [C](Hourly),SPACE1-1 PEOPLE 1:People Occupant Count [](TimeStep),SPACE2-1 PEOPLE 1:People Occupant Count [](TimeStep),SPACE3-1 PEOPLE 1:People Occupant Count [](TimeStep),SPACE4-1 PEOPLE 1:People Occupant Count [](TimeStep),SPACE5-1 PEOPLE 1:People Occupant Count [](TimeStep),SPACE1-1:Zone People Occupant Count [](TimeStep),SPACE2-1:Zone People Occupant Count [](TimeStep),SPACE3-1:Zone People Occupant Count [](TimeStep),SPACE4-1:Zone People Occupant Count [](TimeStep),SPACE5-1:Zone People Occupant Count [](TimeStep),PLENUM-1:Zone Mean Air Dewpoint Temperature [C](Hourly),SPACE1-1:Zone Mean Air Dewpoint Temperature [C](Hourly),SPACE2-1:Zone Mean Air Dewpoint Temperature [C](Hourly),SPACE3-1:Zone Mean Air Dewpoint Temperature [C](Hourly),SPACE4-1:Zone Mean Air Dewpoint Temperature [C](Hourly),SPACE5-1:Zone Mean Air Dewpoint Temperature [C](Hourly),PLENUM-1:Zone Air Temperature [C](Hourly),PLENUM-1:Zone Air System Sensible Heating Rate [W](Hourly),PLENUM-1:Zone Air System Sensible Cooling Rate [W](Hourly),SPACE1-1:Zone Air Temperature [C](Hourly),SPACE1-1:Zone Air System Sensible Heating Rate [W](Hourly),SPACE1-1:Zone Air System Sensible Cooling Rate [W](Hourly),SPACE2-1:Zone Air Temperature [C](Hourly),SPACE2-1:Zone Air System Sensible Heating Rate [W](Hourly),SPACE2-1:Zone Air System Sensible Cooling Rate [W](Hourly),SPACE3-1:Zone Air Temperature [C](Hourly),SPACE3-1:Zone Air System Sensible Heating Rate [W](Hourly),SPACE3-1:Zone Air System Sensible Cooling Rate [W](Hourly),SPACE4-1:Zone Air Temperature [C](Hourly),SPACE4-1:Zone Air System Sensible Heating Rate [W](Hourly),SPACE4-1:Zone Air System Sensible Cooling Rate [W](Hourly),SPACE5-1:Zone Air Temperature [C](Hourly),SPACE5-1:Zone Air System Sensible Heating Rate [W](Hourly),SPACE5-1:Zone Air System Sensible Cooling Rate [W](Hourly),HOT WATER LOOP:Plant Supply Side Cooling Demand Rate [W](Hourly),HOT WATER LOOP:Plant Supply Side Heating Demand Rate [W](Hourly),CHILLED WATER LOOP:Plant Supply Side Cooling Demand Rate [W](Hourly),CHILLED WATER LOOP:Plant Supply Side Heating Demand Rate [W](Hourly),SPACE1-1 ZONE COIL:Heating Coil Heating Rate [W](Hourly),SPACE2-1 ZONE COIL:Heating Coil Heating Rate [W](Hourly),SPACE3-1 ZONE COIL:Heating Coil Heating Rate [W](Hourly),SPACE4-1 ZONE COIL:Heating Coil Heating Rate [W](Hourly),SPACE5-1 ZONE COIL:Heating Coil Heating Rate [W](Hourly),OA HEATING COIL 1:Heating Coil Heating Rate [W](Hourly),MAIN HEATING COIL 1:Heating Coil Heating Rate [W](Hourly),OA COOLING COIL 1:Cooling Coil Total Cooling Rate [W](Hourly),OA COOLING COIL 1:Cooling Coil Sensible Cooling Rate [W](Hourly),MAIN COOLING COIL 1:Cooling Coil Total Cooling Rate [W](Hourly),MAIN COOLING COIL 1:Cooling Coil Sensible Cooling Rate [W](Hourly),CENTRAL BOILER:Boiler Heating Rate [W](Hourly),CENTRAL BOILER:Boiler NaturalGas Rate [W](Hourly),CENTRAL CHILLER:Chiller Electricity Rate [W](Hourly),CENTRAL CHILLER:Chiller Evaporator Cooling Rate [W](Hourly),CENTRAL CHILLER:Chiller Evaporator Inlet Temperature [C](Hourly),CENTRAL CHILLER:Chiller Evaporator Outlet Temperature [C](Hourly),CENTRAL CHILLER:Chiller Evaporator Mass Flow Rate [kg/s](Hourly),CENTRAL CHILLER:Chiller Condenser Heat Transfer Rate [W](Hourly),HW CIRC PUMP:Pump Outlet Temperature [C](Hourly),HW CIRC PUMP:Pump Mass Flow Rate [kg/s](Hourly),CW CIRC PUMP:Pump Outlet Temperature [C](Hourly),CW CIRC PUMP:Pump Mass Flow Rate [kg/s](Hourly),MIXED AIR NODE 1:System Node Temperature [C](Hourly),MIXED AIR NODE 1:System Node Humidity Ratio [kgWater/kgDryAir](Hourly),MIXED AIR NODE 1:System Node Dewpoint Temperature [C](Hourly),VAV SYS 1 OUTLET NODE:System Node Temperature [C](Hourly),VAV SYS 1 OUTLET NODE:System Node Mass Flow Rate [kg/s](Hourly),VAV SYS 1 OUTLET NODE:System Node Humidity Ratio [kgWater/kgDryAir](Hourly),VAV SYS 1 OUTLET NODE:System Node Setpoint Temperature [C](Hourly),OA HEATING COIL 1 WATER INLET NODE:System Node Temperature [C](Hourly),OA HEATING COIL 1 WATER INLET NODE:System Node Mass Flow Rate [kg/s](Hourly),MAIN HEATING COIL 1 WATER INLET NODE:System Node Mass Flow Rate [kg/s](Hourly),MAIN COOLING COIL 1 WATER INLET NODE:System Node Mass Flow Rate [kg/s](Hourly),OA COOLING COIL 1 WATER INLET NODE:System Node Temperature [C](Hourly),OA COOLING COIL 1 WATER INLET NODE:System Node Mass Flow Rate [kg/s](Hourly),OA MIXING BOX 1 INLET NODE:System Node Temperature [C](Hourly),OA MIXING BOX 1 INLET NODE:System Node Mass Flow Rate [kg/s](Hourly),OA MIXING BOX 1 INLET NODE:System Node Humidity Ratio [kgWater/kgDryAir](Hourly),OA MIXING BOX 1 INLET NODE:System Node Setpoint Temperature [C](Hourly),OA HEATING COIL 1 AIR OUTLET NODE:System Node Temperature [C](Hourly),OA HEATING COIL 1 AIR OUTLET NODE:System Node Mass Flow Rate [kg/s](Hourly),OA HEATING COIL 1 AIR OUTLET NODE:System Node Humidity Ratio [kgWater/kgDryAir](Hourly),OA HEATING COIL 1 AIR OUTLET NODE:System Node Setpoint Temperature [C](Hourly),Electricity:Facility [J](Hourly),Electricity:HVAC [J](Hourly),Cooling:Electricity [J](Hourly),Heating:Electricity [J](Hourly),Fans:Electricity [J](Hourly)
 07/15  00:15:00,,0.0,0.0,0.0,0.0,0.0,0.0,0.0,0.0,0.0,0.0
 07/15  00:30:00,,0.0,0.0,0.0,0.0,0.0,0.0,0.0,0.0,0.0,0.0
 07/15  00:45:00,,0.0,0.0,0.0,0.0,0.0,0.0,0.0,0.0,0.0,0.0
 07/15  01:00:00,22.1,0.0,0.0,0.0,0.0,0.0,0.0,0.0,0.0,0.0,0.0,13.077506281782394,12.652229797294545,12.075998769986017,12.672875868574957,12.023162267479618,13.881611009677046,23.944751756141756,0.0,0.0,21.98581545638921,15.840000000000002,0.0,21.969335716081282,6.840000000000001,0.0,21.959095335562687,15.840000000000002,0.0,21.980837515727845,6.840000000000001,0.0,21.743701618564245,29.640000000000004,0.0,0.0,0.0,0.0,0.0,0.0,0.0,0.0,0.0,0.0,0.0,0.0,0.0,0.0,0.0,0.0,0.0,0.0,0.0,0.0,8.471141468695748,8.471141468695748,0.0,0.0,44.7097431640817,0.0,8.471141468695748,0.0,24.04068840418367,0.00956970185688208,13.077506281782394,24.04068840418367,0.0,0.00956970185688208,13.0,82.0,0.0,0.0,0.0,7.22,0.0,22.1,0.0,0.01424611824580688,11.5,22.1,0.0,0.01424611824580688,4.5,1710000.0,0.0,0.0,0.0,0.0
 07/15  01:15:00,,0.0,0.0,0.0,0.0,0.0,0.0,0.0,0.0,0.0,0.0
 07/15  01:30:00,,0.0,0.0,0.0,0.0,0.0,0.0,0.0,0.0,0.0,0.0
 07/15  01:45:00,,0.0,0.0,0.0,0.0,0.0,0.0,0.0,0.0,0.0,0.0
 07/15  02:00:00,20.0,0.0,0.0,0.0,0.0,0.0,0.0,0.0,0.0,0.0,0.0,13.100590967953007,12.675237048054198,12.098901372828928,12.695887040746817,12.0460554968195,13.904842281081889,23.543132934623152,0.0,0.0,21.60228139059377,15.840000000000002,0.0,21.64654417886992,6.840000000000001,0.0,21.58931003628695,15.840000000000002,0.0,21.653087056284228,6.840000000000001,0.0,21.61004399879738,29.640000000000004,0.0,0.0,0.0,0.0,0.0,0.0,0.0,0.0,0.0,0.0,0.0,0.0,0.0,0.0,0.0,0.0,0.0,0.0,0.0,0.0,8.471141468695748,8.471141468695748,0.0,0.0,44.7097431640817,0.0,8.471141468695748,0.0,23.649559833560012,0.009569701826657801,13.100590967953007,23.649559833560012,0.0,0.009569701826657801,13.0,82.0,0.0,0.0,0.0,7.22,0.0,20.0,0.0,0.011616575393056414,11.5,20.0,0.0,0.011616575393056414,4.5,1710000.0,0.0,0.0,0.0,0.0
 07/15  02:15:00,,0.0,0.0,0.0,0.0,0.0,0.0,0.0,0.0,0.0,0.0
 07/15  02:30:00,,0.0,0.0,0.0,0.0,0.0,0.0,0.0,0.0,0.0,0.0
 07/15  02:45:00,,0.0,0.0,0.0,0.0,0.0,0.0,0.0,0.0,0.0,0.0
 07/15  03:00:00,19.625,0.0,0.0,0.0,0.0,0.0,0.0,0.0,0.0,0.0,0.0,13.100590967953007,12.675237048054198,12.098901372828928,12.695887040746817,12.0460554968195,13.904842281081889,23.08183111184092,0.0,0.0,21.356021409049667,15.840000000000002,0.0,21.401871557506134,6.840000000000001,0.0,21.340913185710427,15.840000000000002,0.0,21.40560560145125,6.840000000000001,0.0,21.474140350205982,29.640000000000004,0.0,0.0,0.0,0.0,0.0,0.0,0.0,0.0,0.0,0.0,0.0,0.0,0.0,0.0,0.0,0.0,0.0,0.0,0.0,0.0,8.471141468695748,8.471141468695748,0.0,0.0,44.7097431640817,0.0,8.471141468695748,0.0,23.199938957714306,0.009569701827869979,13.100590967953007,23.199938957714306,0.0,0.009569701827869979,13.0,82.0,0.0,0.0,0.0,7.22,0.0,19.625,0.0,0.012175519153302849,11.5,19.625,0.0,0.012175519153302849,4.5,1710000.0,0.0,0.0,0.0,0.0
 07/15  03:15:00,,0.0,0.0,0.0,0.0,0.0,0.0,0.0,0.0,0.0,0.0
 07/15  03:30:00,,0.0,0.0,0.0,0.0,0.0,0.0,0.0,0.0,0.0,0.0
 07/15  03:45:00,,0.0,0.0,0.0,0.0,0.0,0.0,0.0,0.0,0.0,0.0
 07/15  04:00:00,19.0875,0.0,0.0,0.0,0.0,0.0,0.0,0.0,0.0,0.0,0.0,13.100590967953007,12.675237048054198,12.098901372828928,12.695887040746817,12.0460554968195,13.904842281081889,22.620601323586765,0.0,0.0,21.132386779009103,15.840000000000002,0.0,21.173435606555415,6.840000000000001,0.0,21.108362881874356,15.840000000000002,0.0,21.175577344520413,6.840000000000001,0.0,21.347059321461607,29.640000000000004,0.0,0.0,0.0,0.0,0.0,0.0,0.0,0.0,0.0,0.0,0.0,0.0,0.0,0.0,0.0,0.0,0.0,0.0,0.0,0.0,8.471141468695748,8.471141468695748,0.0,0.0,44.7097431640817,0.0,8.471141468695748,0.0,22.732954232829407,0.009569701827824935,13.100590967953007,22.732954232829407,0.0,0.009569701827824935,13.0,82.0,0.0,0.0,0.0,7.22,0.0,19.0875,0.0,0.012792211757399084,11.5,19.0875,0.0,0.012792211757399084,4.5,1710000.0,0.0,0.0,0.0,0.0
 07/15  04:15:00,,0.0,0.0,0.0,0.0,0.0,0.0,0.0,0.0,0.0,0.0
 07/15  04:30:00,,0.0,0.0,0.0,0.0,0.0,0.0,0.0,0.0,0.0,0.0
 07/15  04:45:00,,0.0,0.0,0.0,0.0,0.0,0.0,0.0,0.0,0.0,0.0
 07/15  05:00:00,18.9,0.0,0.0,0.0,0.0,0.0,0.0,0.0,0.0,0.0,0.0,13.100590967953007,12.675237048054198,12.098901372828928,12.695887040746817,12.0460554968195,13.904842281081889,22.21355159496689,0.0,0.0,20.97525615232037,15.840000000000002,0.0,21.08979702677375,6.840000000000001,0.0,21.079703880531078,15.840000000000002,0.0,21.016248952182217,6.840000000000001,0.0,21.233130521467203,29.640000000000004,0.0,0.0,0.0,0.0,0.0,0.0,0.0,0.0,0.0,0.0,0.0,0.0,0.0,0.0,0.0,0.0,0.0,0.0,0.0,0.0,8.471141468695748,8.471141468695748,0.0,0.0,44.7097431640817,0.0,8.471141468695748,0.0,22.303291719537548,0.009569701827826517,13.100590967953007,22.303291719537548,0.0,0.009569701827826517,13.0,82.0,0.0,0.0,0.0,7.22,0.0,18.9,0.0,0.012695274125672049,11.5,18.9,0.0,0.012695274125672049,4.5,1710000.0,0.0,0.0,0.0,0.0
 07/15  05:15:00,,0.0,0.0,0.0,0.0,0.0,0.0,0.0,0.0,0.0,0.0
 07/15  05:30:00,,0.0,0.0,0.0,0.0,0.0,0.0,0.0,0.0,0.0,0.0
 07/15  05:45:00,,0.0,0.0,0.0,0.0,0.0,0.0,0.0,0.0,0.0,0.0
 07/15  06:00:00,19.9625,0.0,0.0,0.0,0.0,0.0,0.0,0.0,0.0,0.0,0.0,13.100590967953007,12.675237048054198,12.098901372828928,12.695887040746817,12.0460554968195,13.904842281081889,22.036259013648603,0.0,0.0,21.067578111198497,15.840000000000002,0.0,21.96903648610698,6.840000000000001,0.0,22.22227877763796,15.840000000000002,0.0,21.147882101169145,6.840000000000001,0.0,21.198417774756315,29.640000000000004,0.0,0.0,0.0,0.0,0.0,0.0,0.0,0.0,0.0,0.0,0.0,0.0,0.0,0.0,0.0,0.0,0.0,0.0,0.0,0.0,8.471141468695748,8.471141468695748,0.0,0.0,44.7097431640817,0.0,8.471141468695748,0.0,22.045930082407914,0.00956970182782647,13.100590967953007,22.045930082407914,0.0,0.00956970182782647,13.0,82.0,0.0,0.0,0.0,7.22,0.0,19.9625,0.0,0.012837688327181525,11.5,19.9625,0.0,0.012837688327181525,4.5,1710000.0,0.0,0.0,0.0,0.0
 07/15  06:15:00,,0.0,0.0,0.0,0.0,0.0,0.0,0.0,0.0,0.0,0.0
 07/15  06:30:00,,0.0,0.0,0.0,0.0,0.0,0.0,0.0,0.0,0.0,0.0
 07/15  06:45:00,,0.0,0.0,0.0,0.0,0.0,0.0,0.0,0.0,0.0,0.0
 07/15  07:00:00,21.599999999999998,0.0,0.0,0.0,0.0,0.0,0.0,0.0,0.0,0.0,0.0,12.678762046036642,12.321348244836699,11.865045585814034,12.348887725742937,11.829973719397035,13.440877339725459,22.199467645565647,92.74952972560163,1.1601543150188718,22.200922980363327,415.7139972493913,45.342104557265664,22.221020567980723,0.0,510.8727072542996,22.6600331680208,0.0,730.6017010422702,22.19717453379252,151.9231986022422,15.643473015926356,22.17151492344052,745.4988333552367,3.291150634818769,0.0,3775.431747010875,7700.353137063078,0.0,1104.470771812652,111.61965604145675,0.0,821.3888240969209,1463.9215379616405,0.0,0.0,6960.903732207466,3229.285363952222,461.31366092713165,461.3136609271323,3775.431747010875,4719.2896837635935,1890.5466586065995,7700.353137063078,8.593589045159687,7.22,1.336579121866253,9590.899795669677,53.81358630137343,0.032440806932680866,8.593589045159687,1.336579121866253,13.225055338474254,0.008694042775697242,11.662025527920594,13.000526740165734,0.37050442501268754,0.008694042775697242,13.0,82.0,0.0,0.0,0.022507357772817108,7.22,0.6934099202053023,11.501297846077932,0.31057230924622753,0.008561928884092566,11.5,21.599999999999998,0.31057230924622753,0.013325517447088936,4.5,11130811.492172582,1354960.257918032,6805967.970983759,0.0,1354960.257918032
 07/15  07:15:00,,0.0,0.0,0.0,0.0,0.0,0.0,0.0,0.0,0.0,0.0
 07/15  07:30:00,,0.0,0.0,0.0,0.0,0.0,0.0,0.0,0.0,0.0,0.0
 07/15  07:45:00,,0.0,0.0,0.0,0.0,0.0,0.0,0.0,0.0,0.0,0.0
 07/15  08:00:00,23.574999999999996,0.0,0.0,0.0,0.0,0.0,0.0,0.0,0.0,0.0,0.0,12.142784976568304,11.859931122163587,11.629807676479844,11.885113266834349,11.61826947942361,12.691329492595894,22.5382370489921,18.49677941230675,16.829903047558673,22.200510032267992,26.534186052761186,57.67888275921251,22.380859339204992,0.0,634.8497715730706,22.82977708263552,0.0,747.0359148543325,22.20020860063989,0.0,77.17533717620466,22.200725231779963,477.9456290038832,0.0,0.0,2363.208063166591,9202.133268737438,0.0,707.1113448352754,0.0,0.0,609.8121746092842,1210.2387710461485,0.0,0.0,8408.352931776142,3868.4638379516955,478.68655771458083,478.6865577145807,2363.208063166591,2954.010078958238,2228.7315152614274,9202.133268737438,8.708261021786452,7.22,1.4735958440186445,11430.864783998866,47.55663982641546,0.016455834326799756,8.708261021786452,1.4735958440186445,13.27146208189761,0.008638394214439397,11.56630167049115,13.00098078547984,0.37050442501268754,0.008638394214439397,13.0,82.0,0.0,0.0,0.023565620983853498,7.219999999999999,0.8540781506748744,11.500184045563856,0.31057230924622753,0.00855975405290122,11.5,23.574999999999996,0.31057230924622753,0.014355143522593688,4.5,12459378.99654954,1354960.257918032,8023433.454941139,0.0,1354960.257918032
 07/15  08:15:00,,11.0,5.0,11.0,5.0,20.0,11.0,5.0,11.0,5.0,20.0
 07/15  08:30:00,,11.0,5.0,11.0,5.0,20.0,11.0,5.0,11.0,5.0,20.0
 07/15  08:45:00,,11.0,5.0,11.0,5.0,20.0,11.0,5.0,11.0,5.0,20.0
 07/15  09:00:00,25.15,11.0,5.0,11.0,5.0,20.0,11.0,5.0,11.0,5.0,20.0,12.394466842645107,12.976683948139828,12.634597394641771,12.864990345715622,12.599610513232191,13.63100005102769,23.788088541420056,1106.0936200653625,0.0,23.317916681577685,0.0,832.9662187897322,23.74924886583439,0.0,945.6467974378374,23.84990063220375,0.0,1501.4040208858266,22.535149819040235,0.0,713.330037565885,23.260634069239146,0.0,819.871535745587,0.0,0.0,11978.196749436258,0.0,0.0,0.0,0.0,0.0,0.0,0.0,0.0,10174.058571537014,4385.840534556761,1454.2075985300817,1454.2075985300808,0.0,0.0,2867.118784464664,11978.196749436258,8.898607206391127,7.219999999999999,1.699358463194804,14845.315533900923,46.032909275500714,0.0,8.898607206391127,1.699358463194804,15.212549026711624,0.008735904638166557,11.723413855641788,12.98943741747431,0.4508329505211164,0.008735904638166557,13.0,82.0,0.0,0.0,0.06570523751407359,7.22,1.0619887161830657,11.500141472555987,0.31057230924622753,0.008594122412642052,11.5,25.15,0.31057230924622753,0.015983064786652137,4.5,44791683.37349568,1406663.9610388335,10321627.62407279,0.0,1406663.9610388335
 07/15  09:15:00,,11.0,5.0,11.0,5.0,20.0,11.0,5.0,11.0,5.0,20.0
 07/15  09:30:00,,11.0,5.0,11.0,5.0,20.0,11.0,5.0,11.0,5.0,20.0
 07/15  09:45:00,,11.0,5.0,11.0,5.0,20.0,11.0,5.0,11.0,5.0,20.0
 07/15  10:00:00,26.975,11.0,5.0,11.0,5.0,20.0,11.0,5.0,11.0,5.0,20.0,13.79618135146507,14.004702222464777,12.947563550620236,13.469305512797394,13.546519785881607,14.92934783587092,24.912282490317722,583.9725620580525,0.0,23.897845924322233,0.0,1765.0288775347626,23.898606482548345,0.0,1628.9530146069515,23.898488151947742,0.0,2326.822079222712,23.721519092601813,0.0,853.3334610939845,23.897494927988177,0.0,1998.4088035204763,0.0,0.0,18999.761312376737,0.0,0.0,0.0,0.0,0.0,0.0,0.0,0.0,11855.472799511761,4984.760953259392,6796.184914806868,5541.688943150966,0.0,0.0,4616.942337757194,18999.761312376737,9.469333894974106,7.219999999999999,2.0114859061772634,23616.703650133935,46.032909275500714,0.0,9.469333894974106,2.0114859061772634,19.3875913189353,0.009415434690149889,12.83889611520802,12.996340147669631,0.7693537157306114,0.008779001693001779,13.0,82.0,0.0,0.0,0.3084149507928188,7.22,1.2668506924243141,11.500076023003368,0.31057230924622753,0.008612208112170387,11.5,26.975,0.31057230924622753,0.017383007004958824,4.5,62088449.323545806,1766868.813462662,16620992.415925898,0.0,1766868.813462662
 07/15  10:15:00,,11.0,5.0,11.0,5.0,20.0,11.0,5.0,11.0,5.0,20.0
 07/15  10:30:00,,11.0,5.0,11.0,5.0,20.0,11.0,5.0,11.0,5.0,20.0
 07/15  10:45:00,,11.0,5.0,11.0,5.0,20.0,11.0,5.0,11.0,5.0,20.0
 07/15  11:00:00,28.487499999999997,11.0,5.0,11.0,5.0,20.0,11.0,5.0,11.0,5.0,20.0,13.667890605078314,13.532611674149972,12.648566199105481,13.230236316114329,13.388329450797157,14.685512358792934,25.72903152427073,31.575175708357165,207.5532068176617,23.898012018398052,0.0,2197.033599442176,23.89854356131712,0.0,1820.3429142979962,23.89815735293694,0.0,2510.7027271205156,23.89807022413314,0.0,1064.0121605961708,23.897737696567447,0.0,2353.9259027332355,0.0,0.0,21914.029355740466,0.0,0.0,0.0,0.0,0.0,0.0,0.0,0.0,12146.615517732314,5468.98040081568,9335.491722496407,7551.88231433988,0.0,0.0,5449.565553290997,21914.029355740466,9.717235896776518,7.219999999999999,2.0939551935033367,27363.59490903146,46.032909275500714,0.0,9.717235896776518,2.093955193503337,20.661369744264025,0.009499628727314807,12.974476764076925,12.999900006110941,0.8918918403070294,0.00870705713825888,13.0,82.0,0.0,0.0,0.44237738908013635,7.219999999999999,1.2946177270874215,11.500048977992005,0.31057230924622753,0.008572023247495085,11.5,28.487499999999997,0.31057230924622753,0.017096350446053833,4.5,66754325.44884097,2009409.9878580472,19618435.99184759,0.0,2009409.9878580472
 07/15  11:15:00,,8.8,4.0,8.8,4.0,16.0,8.8,4.0,8.8,4.0,16.0
 07/15  11:30:00,,8.8,4.0,8.8,4.0,16.0,8.8,4.0,8.8,4.0,16.0
 07/15  11:45:00,,8.8,4.0,8.8,4.0,16.0,8.8,4.0,8.8,4.0,16.0
 07/15  12:00:00,29.9625,8.8,4.0,8.8,4.0,16.0,8.8,4.0,8.8,4.0,16.0,13.328756036546434,13.064519134892702,12.473027145860485,12.92125178383089,12.96565248806397,14.252787333031213,26.372138464993114,0.0,822.8423544229845,23.898345798927238,0.0,2326.03862517611,23.898839404682228,0.0,1651.4647867035185,23.89840945821789,0.0,2512.3580936043513,23.898420012180914,0.0,1117.5089956672762,23.89805688560422,0.0,2287.4239741501233,0.0,0.0,22471.350063370355,0.0,0.0,0.0,0.0,0.0,0.0,0.0,0.0,12571.056977385257,5935.338011964431,9415.919531366948,7891.328679987243,0.0,0.0,5691.989283645017,22471.350063370355,9.71057632158567,7.22,2.152517572327567,28163.33934701537,46.032909275500714,0.0,9.71057632158567,2.1525175723275676,21.08271388673757,0.009360211057190924,12.742489885952294,12.999706559758144,0.8876645767656408,0.008679549974335645,13.0,82.0,0.0,0.0,0.44744920290254714,7.22,1.331642800959059,11.52466667829165,0.31057230924622753,0.008560896055323992,11.5,29.9625,0.31057230924622753,0.01703155845178342,4.5,66319793.65901962,1998274.7306325247,20491161.42112206,0.0,1998274.7306325247
 07/15  12:15:00,,4.4,2.0,4.4,2.0,8.0,4.4,2.0,4.4,2.0,8.0
 07/15  12:30:00,,4.4,2.0,4.4,2.0,8.0,4.4,2.0,4.4,2.0,8.0
 07/15  12:45:00,,4.4,2.0,4.4,2.0,8.0,4.4,2.0,4.4,2.0,8.0
 07/15  13:00:00,31.2875,4.4,2.0,4.4,2.0,8.0,4.4,2.0,4.4,2.0,8.0,12.902688440855885,12.543864014118101,12.24886859349039,12.474987546531047,12.47613199154071,13.66562553451959,26.996141849647334,0.0,1285.8268476754847,23.898961196002364,0.0,2190.799792336646,23.899145640472177,0.0,1304.6731721878673,23.898982689032433,0.0,2319.698839174846,23.899005081957036,0.0,1056.037421630504,23.898742196514394,0.0,1873.8068674770016,0.0,0.0,21595.719081557123,0.0,0.0,0.0,0.0,0.0,0.0,0.0,0.0,13295.266675617106,6304.420349715181,7787.1926916692955,6806.503054373355,0.0,0.0,5532.557341097469,21595.719081557123,9.566251774887759,7.22,2.1958741805537834,27128.27642265459,46.032909275500714,0.0,9.566251774887759,2.1958741805537834,20.86754007966353,0.0092012905137745,12.470051113877318,13.001868065519385,0.7849120752675897,0.008706309497472482,13.0,82.0,0.0,0.0,0.35819154697195504,7.220000000000001,1.3524824895781835,11.722940906857765,0.31057230924622753,0.008675643308118926,11.5,31.2875,0.31057230924622753,0.017598328882480137,4.5,61526292.213551216,1788851.0406748443,19917206.42795089,0.0,1788851.0406748443
 07/15  13:15:00,,8.8,4.0,8.8,4.0,16.0,8.8,4.0,8.8,4.0,16.0
 07/15  13:30:00,,8.8,4.0,8.8,4.0,16.0,8.8,4.0,8.8,4.0,16.0
 07/15  13:45:00,,8.8,4.0,8.8,4.0,16.0,8.8,4.0,8.8,4.0,16.0
 07/15  14:00:00,31.7,8.8,4.0,8.8,4.0,16.0,8.8,4.0,8.8,4.0,16.0,12.688882800446558,12.588658773694725,12.444632445274795,12.545839134484085,12.487932441811926,13.561181350742721,27.38550195541353,0.0,1887.8615046253535,23.898869935854748,0.0,2514.27542334883,23.898949874817227,0.0,1310.0539621828957,23.89887372347563,0.0,2615.3090029208834,23.898836058501693,0.0,1310.95446599408,23.89857747838851,0.0,2368.568293293363,0.0,0.0,24352.042899700213,0.0,0.0,0.0,0.0,0.0,0.0,0.0,0.0,13751.244759383126,6386.822294676545,10167.69706800282,8967.929661017162,0.0,0.0,6350.0254539388125,24352.042899700213,9.854629675833719,7.219999999999999,2.2053171235116875,30702.06835363902,46.032909275500714,0.0,9.854629675833719,2.2053171235116875,22.04718674291754,0.009140386428630657,12.364768605060647,12.998533979176305,0.9081940279296075,0.008617243009129416,13.0,82.0,0.0,0.0,0.49276885494807593,7.220000000000001,1.3524824895781835,11.90063913772974,0.31057230924622753,0.008791985337003587,11.5,31.7,0.31057230924622753,0.018190250929070693,4.5,67436244.88842085,2047207.4590768348,22860091.634179723,0.0,2047207.4590768348
 07/15  14:15:00,,11.0,5.0,11.0,5.0,20.0,11.0,5.0,11.0,5.0,20.0
 07/15  14:30:00,,11.0,5.0,11.0,5.0,20.0,11.0,5.0,11.0,5.0,20.0
 07/15  14:45:00,,11.0,5.0,11.0,5.0,20.0,11.0,5.0,11.0,5.0,20.0
 07/15  15:00:00,31.7,11.0,5.0,11.0,5.0,20.0,11.0,5.0,11.0,5.0,20.0,12.93571441806783,12.806114737546334,12.703355546481614,12.774342304712992,12.529250647280517,13.862920647888942,27.606389892381024,0.0,2161.284282597201,23.89845497205157,0.0,2642.2000187846143,23.898529159809645,0.0,1290.2710340118442,23.898463089257064,0.0,2692.649188301481,23.898363960775818,0.0,1588.2408501361174,23.89820857768711,0.0,2543.1544608001045,0.0,0.0,26035.140759026388,0.0,0.0,0.0,0.0,0.0,0.0,0.0,0.0,13886.988799708377,6371.164013239868,11673.224073806292,10034.829350193984,0.0,0.0,6846.963451165803,26035.140759026388,9.996093523778232,7.22,2.237673030410832,32882.10421019219,46.032909275500714,0.0,9.996093523778232,2.237673030410832,22.55016479807574,0.009259227902010503,12.558511751390053,13.001543249644614,0.9655797441325794,0.008587193520106952,13.0,82.0,0.0,0.0,0.5778053484641755,7.22,1.3524824895781835,11.957429730706533,0.31057230924622753,0.0088322607824799,11.5,31.7,0.31057230924622753,0.018423344950542063,4.5,70304407.25363047,2196612.4030188075,24649068.42419689,0.0,2196612.4030188075
 07/15  15:15:00,,11.0,5.0,11.0,5.0,20.0,11.0,5.0,11.0,5.0,20.0
 07/15  15:30:00,,11.0,5.0,11.0,5.0,20.0,11.0,5.0,11.0,5.0,20.0
 07/15  15:45:00,,11.0,5.0,11.0,5.0,20.0,11.0,5.0,11.0,5.0,20.0
 07/15  16:00:00,32.0125,11.0,5.0,11.0,5.0,20.0,11.0,5.0,11.0,5.0,20.0,13.06653914415653,12.903522877414442,12.858361896165793,12.906373427248022,12.430408380447673,14.070495639713359,27.684883464965466,0.0,2147.8327709257774,23.898376172963186,0.0,2550.448728007055,23.89845494806936,0.0,1184.9758329800268,23.898392550290993,0.0,2525.3448991161217,23.898597925645486,0.0,1802.2701151454116,23.898101743666132,0.0,2435.499347904919,0.0,0.0,26214.40673474479,0.0,0.0,0.0,0.0,0.0,0.0,0.0,0.0,14169.120833200384,6440.5413012001145,11539.639766515673,9772.530687037046,0.0,0.0,6927.994322141053,26214.40673474479,9.978801418675495,7.219999999999999,2.26725026257312,33142.40105688584,46.032909275500714,0.0,9.978801418675495,2.26725026257312,22.531541395783822,0.00934577896166318,12.698250756992422,12.998568444817552,0.9419488484818663,0.008602423315983428,13.0,82.0,0.0,0.0,0.56833815789664,7.22,1.3524824895781835,12.067080329495848,0.31057230924622753,0.008900883919154744,11.5,32.0125,0.31057230924622753,0.018762667269575335,4.5,68759361.23356608,2132645.51288815,24940779.55970779,0.0,2132645.51288815
 07/15  16:15:00,,11.0,5.0,11.0,5.0,20.0,11.0,5.0,11.0,5.0,20.0
 07/15  16:30:00,,11.0,5.0,11.0,5.0,20.0,11.0,5.0,11.0,5.0,20.0
 07/15  16:45:00,,11.0,5.0,11.0,5.0,20.0,11.0,5.0,11.0,5.0,20.0
 07/15  17:00:00,32.2,11.0,5.0,11.0,5.0,20.0,11.0,5.0,11.0,5.0,20.0,13.238860258776928,13.162001571435539,13.137633466060553,13.16600452260197,12.666668592896812,14.36378274173983,27.776500508210418,0.0,1668.886107190504,23.898562120085344,0.0,2161.5421701350497,23.89858822541377,0.0,1007.3656165726823,23.898538940754953,0.0,2171.0550368260897,23.898860455216848,0.0,1453.56132910524,23.898267683602636,0.0,2111.1671895747036,0.0,0.0,23567.692241794015,0.0,0.0,0.0,0.0,0.0,0.0,0.0,0.0,14110.835450765053,6508.697014353067,8890.983817006756,7564.658503574983,0.0,0.0,6160.801815930826,23567.692241794015,9.6896456842923,7.22,2.2768943783346454,29728.494057724838,46.032909275500714,0.0,9.6896456842923,2.2768943783346454,21.63847778352666,0.009346018635612836,12.689041986844426,13.002715794472643,0.7988936798027708,0.008688852524495284,13.0,82.0,0.0,0.0,0.41784053934677917,7.219999999999999,1.3524824895781835,12.036881569377009,0.31057230924622753,0.008879150945701537,11.5,32.2,0.31057230924622753,0.01857980911473506,4.5,62090114.06138601,1816442.7427246566,22178886.537350975,0.0,1816442.7427246566
 07/15  17:15:00,,11.0,5.0,11.0,5.0,20.0,11.0,5.0,11.0,5.0,20.0
 07/15  17:30:00,,11.0,5.0,11.0,5.0,20.0,11.0,5.0,11.0,5.0,20.0
 07/15  17:45:00,,11.0,5.0,11.0,5.0,20.0,11.0,5.0,11.0,5.0,20.0
 07/15  18:00:00,30.449999999999996,11.0,5.0,11.0,5.0,20.0,11.0,5.0,11.0,5.0,20.0,13.651621039569786,13.553701859218178,13.510661168316414,13.52846538931221,13.155493221081013,14.686988761868507,27.72451866099416,0.0,1166.7342233466716,23.898570429199058,0.0,1809.7670627400148,23.898591615708206,0.0,851.7881693062305,23.898549769023937,0.0,1847.1879605316471,23.898687668054023,0.0,1047.3139137329472,23.898172537154124,0.0,2029.9435299900224,0.0,0.0,20529.018407226176,0.0,0.0,0.0,0.0,0.0,0.0,0.0,0.0,13292.423136268379,6031.95219566812,6660.25596023617,5635.3653687381375,0.0,0.0,5191.783040069919,20529.018407226176,9.348522018860525,7.22,2.301146153470602,25720.801447296097,46.032909275500714,0.0,9.348522018860525,2.301146153470602,20.43880091433126,0.009360066457883226,12.70583628347766,13.011251426869851,0.6807340166828328,0.00876482113834957,13.0,82.0,0.0,0.0,0.29957037703233513,7.219999999999999,1.3524824895781835,11.744442588686933,0.31057230924622753,0.008728348457440395,11.5,30.449999999999996,0.31057230924622753,0.017995014500874543,4.5,58437314.35669851,1629915.8570299675,18690418.944251705,0.0,1629915.8570299675
 07/15  18:15:00,,5.5,2.5,5.5,2.5,10.0,5.5,2.5,5.5,2.5,10.0
 07/15  18:30:00,,5.5,2.5,5.5,2.5,10.0,5.5,2.5,5.5,2.5,10.0
 07/15  18:45:00,,5.5,2.5,5.5,2.5,10.0,5.5,2.5,5.5,2.5,10.0
 07/15  19:00:00,29.0875,5.5,2.5,5.5,2.5,10.0,5.5,2.5,5.5,2.5,10.0,13.810401425758448,13.707521768288842,13.271408994809917,13.663853361329544,13.07408647541356,14.902082967176156,27.474598557965393,0.0,636.0312556479444,23.894393730194544,0.0,971.5987319167878,23.18467308094038,0.0,689.7622075052805,23.899316939481825,0.0,997.9135106868277,23.233103913081184,0.0,764.5653007952563,23.891094228742496,0.0,921.8933844526532,0.0,0.0,15119.264465246286,0.0,0.0,0.0,0.0,0.0,0.0,0.0,0.0,13070.298206052095,5613.470452082407,1451.2728349722663,1275.4548655816375,0.0,0.0,3718.30070731185,15119.264465246286,8.782144704836355,7.22,2.308422249602475,18837.565172558137,46.032909275500714,0.0,8.782144704836355,2.308422249602475,15.175748137113,0.009028908300415393,12.165621515161241,13.016743034612963,0.3989285634625129,0.008856349009125804,13.0,82.0,0.0,0.0,0.06469415013427038,7.22,1.3524824895781835,11.68731833167941,0.31057230924622753,0.008731118285773054,11.5,29.0875,0.31057230924622753,0.018248803562389476,4.5,38481338.92026259,1372059.544844371,13385882.546322662,0.0,1372059.544844371
 07/15  19:15:00,,0.0,0.0,0.0,0.0,0.0,0.0,0.0,0.0,0.0,0.0
 07/15  19:30:00,,0.0,0.0,0.0,0.0,0.0,0.0,0.0,0.0,0.0,0.0
 07/15  19:45:00,,0.0,0.0,0.0,0.0,0.0,0.0,0.0,0.0,0.0,0.0
 07/15  20:00:00,24.7125,0.0,0.0,0.0,0.0,0.0,0.0,0.0,0.0,0.0,0.0,13.445044497420783,13.074435970574097,12.387635870125912,13.073708063671306,12.299135111187748,14.353444063866892,26.47139786567919,0.0,1065.296783929552,22.903242492907527,0.0,796.1906307043078,22.265729676226293,0.0,473.1470703406526,22.986004242507434,0.0,760.0502227386692,22.262334770769726,0.0,514.2292273032447,22.964440598684362,0.0,796.6004972459857,0.0,275.4625152003804,11508.218160643884,0.0,0.0,154.48930318592943,0.0,178.0394981731031,0.0,0.0,0.0,10262.129595193841,4248.821915179854,739.1702963710657,739.1702963710658,275.4625152003804,344.3281440004755,2761.706727199162,11508.218160643884,8.564505525203279,7.22,2.033644142695943,14269.924887843044,45.53941056182885,0.0017932325550603218,8.564505525203279,2.033644142695943,13.958931932539793,0.008842849426820516,11.86389537638047,13.000150210085941,0.37050442501268754,0.008842849426820516,13.0,82.0,0.0,0.0,0.034333996783350224,7.22,1.0777043826716515,11.500059381999646,0.31057230924622753,0.008638398504929957,11.5,24.7125,0.31057230924622753,0.01631467916306169,4.5,23969676.568990797,1354960.257918032,9942144.217916982,0.0,1354960.257918032
 07/15  20:15:00,,0.0,0.0,0.0,0.0,0.0,0.0,0.0,0.0,0.0,0.0
 07/15  20:30:00,,0.0,0.0,0.0,0.0,0.0,0.0,0.0,0.0,0.0,0.0
 07/15  20:45:00,,0.0,0.0,0.0,0.0,0.0,0.0,0.0,0.0,0.0,0.0
 07/15  21:00:00,22.575,0.0,0.0,0.0,0.0,0.0,0.0,0.0,0.0,0.0,0.0,13.02614222801676,12.603022175909084,12.033003328441648,12.624301289194033,11.98160171187358,13.82875775092006,26.22233789902072,0.0,0.0,22.830152533895923,47.52,0.0,22.749538664934434,20.520000000000003,0.0,22.873682375988892,47.52,0.0,22.813934643633747,20.520000000000003,0.0,22.728306491476545,88.92000000000002,0.0,0.0,0.0,0.0,0.0,0.0,0.0,0.0,0.0,0.0,0.0,0.0,0.0,0.0,0.0,0.0,0.0,0.0,0.0,0.0,8.47114146871561,8.47114146871561,0.0,0.0,44.70974316415027,0.0,8.47114146871561,0.0,26.233916406434854,0.009557901440923881,13.026175844343536,26.233916406434854,0.0,0.009557901440923881,13.0,82.0,0.0,0.0,0.0,7.22,0.0,22.575,0.0,0.01611339985469424,11.5,22.575,0.0,0.01611339985469424,4.5,5760000.0,0.0,0.0,0.0,0.0
 07/15  21:15:00,,0.0,0.0,0.0,0.0,0.0,0.0,0.0,0.0,0.0,0.0
 07/15  21:30:00,,0.0,0.0,0.0,0.0,0.0,0.0,0.0,0.0,0.0,0.0
 07/15  21:45:00,,0.0,0.0,0.0,0.0,0.0,0.0,0.0,0.0,0.0,0.0
 07/15  22:00:00,23.487499999999997,0.0,0.0,0.0,0.0,0.0,0.0,0.0,0.0,0.0,0.0,13.039473285545128,12.614272591769687,12.038057651670508,12.63489561279789,11.98519997202989,13.843366283562762,25.60623695090484,0.0,0.0,22.607323096356442,27.720000000000002,0.0,22.578603440460075,11.970000000000002,0.0,22.618270903519964,27.720000000000002,0.0,22.63130410752719,11.970000000000002,0.0,22.457481120212755,51.87000000000001,0.0,0.0,0.0,0.0,0.0,0.0,0.0,0.0,0.0,0.0,0.0,0.0,0.0,0.0,0.0,0.0,0.0,0.0,0.0,0.0,8.47114146871561,8.47114146871561,0.0,0.0,44.70974316415027,0.0,8.47114146871561,0.0,25.800087454583306,0.009569623488816247,13.038863184642961,25.800087454583306,0.0,0.009569623488816247,13.0,82.0,0.0,0.0,0.0,7.22,0.0,23.487499999999997,0.0,0.017077367092068547,11.5,23.487499999999997,0.0,0.017077367092068547,4.5,1710000.0,0.0,0.0,0.0,0.0
 07/15  22:15:00,,0.0,0.0,0.0,0.0,0.0,0.0,0.0,0.0,0.0,0.0
 07/15  22:30:00,,0.0,0.0,0.0,0.0,0.0,0.0,0.0,0.0,0.0,0.0
 07/15  22:45:00,,0.0,0.0,0.0,0.0,0.0,0.0,0.0,0.0,0.0,0.0
 07/15  23:00:00,24.9625,0.0,0.0,0.0,0.0,0.0,0.0,0.0,0.0,0.0,0.0,13.038975304859045,12.613829371030747,12.037776459335243,12.634469533382674,11.984956606838079,13.842834242500917,24.90255025396828,0.0,0.0,22.359478857937386,15.840000000000002,0.0,22.3227763089184,6.840000000000001,0.0,22.336840455507147,15.840000000000002,0.0,22.356078082566704,6.840000000000001,0.0,22.10411061456974,29.640000000000004,0.0,0.0,0.0,0.0,0.0,0.0,0.0,0.0,0.0,0.0,0.0,0.0,0.0,0.0,0.0,0.0,0.0,0.0,0.0,0.0,8.47114146871561,8.47114146871561,0.0,0.0,44.70974316415027,0.0,8.47114146871561,0.0,25.066045107397528,0.009569713119664649,13.039004172563555,25.066045107397528,0.0,0.009569713119664649,13.0,82.0,0.0,0.0,0.0,7.22,0.0,24.9625,0.0,0.01853037400619036,11.5,24.9625,0.0,0.01853037400619036,4.5,1710000.0,0.0,0.0,0.0,0.0
 07/15  23:15:00,,0.0,0.0,0.0,0.0,0.0,0.0,0.0,0.0,0.0,0.0
 07/15  23:30:00,,0.0,0.0,0.0,0.0,0.0,0.0,0.0,0.0,0.0,0.0
 07/15  23:45:00,,0.0,0.0,0.0,0.0,0.0,0.0,0.0,0.0,0.0,0.0
 07/15  24:00:00,25.6,0.0,0.0,0.0,0.0,0.0,0.0,0.0,0.0,0.0,0.0,13.038986704371757,12.613839284602387,12.037783059192442,12.634479050215006,11.98496210178031,13.842846299080794,24.354843835423637,0.0,0.0,22.250417959271257,15.840000000000002,0.0,22.192015777386843,6.840000000000001,0.0,22.21278653314998,15.840000000000002,0.0,22.21181758587005,6.840000000000001,0.0,21.891359934669918,29.640000000000004,0.0,0.0,0.0,0.0,0.0,0.0,0.0,0.0,0.0,0.0,0.0,0.0,0.0,0.0,0.0,0.0,0.0,0.0,0.0,0.0,8.47114146871561,8.47114146871561,0.0,0.0,44.70974316415027,0.0,8.47114146871561,0.0,24.475744921658286,0.009569701163515926,13.038985414050956,24.475744921658286,0.0,0.009569701163515926,13.0,82.0,0.0,0.0,0.0,7.22,0.0,25.6,0.0,0.01934168458905068,11.5,25.6,0.0,0.01934168458905068,4.5,1710000.0,0.0,0.0,0.0,0.0
 07/16  00:15:00,,0.0,0.0,0.0,0.0,0.0,0.0,0.0,0.0,0.0,0.0
 07/16  00:30:00,,0.0,0.0,0.0,0.0,0.0,0.0,0.0,0.0,0.0,0.0
 07/16  00:45:00,,0.0,0.0,0.0,0.0,0.0,0.0,0.0,0.0,0.0,0.0
 07/16  01:00:00,23.85,0.0,0.0,0.0,0.0,0.0,0.0,0.0,0.0,0.0,0.0,13.048625997802377,12.62344632680675,12.047346351977412,12.644087776221584,11.994521677376973,13.852546898864027,23.950699388617863,0.0,0.0,22.062282285790808,15.840000000000002,0.0,22.021179835893484,6.840000000000001,0.0,22.02421118238564,15.840000000000002,0.0,22.032681278052245,6.840000000000001,0.0,21.745059891484814,29.640000000000004,0.0,0.0,0.0,0.0,0.0,0.0,0.0,0.0,0.0,0.0,0.0,0.0,0.0,0.0,0.0,0.0,0.0,0.0,0.0,0.0,8.47114146871561,8.47114146871561,0.0,0.0,44.70974316415027,0.0,8.47114146871561,0.0,24.043175333538795,0.009569701835639054,13.048625997802377,24.043175333538795,0.0,0.009569701835639054,13.0,82.0,0.0,0.0,0.0,7.22,0.0,23.85,0.0,0.01809603565345847,11.5,23.85,0.0,0.01809603565345847,4.5,1710000.0,0.0,0.0,0.0,0.0
 07/16  01:15:00,,0.0,0.0,0.0,0.0,0.0,0.0,0.0,0.0,0.0,0.0
 07/16  01:30:00,,0.0,0.0,0.0,0.0,0.0,0.0,0.0,0.0,0.0,0.0
 07/16  01:45:00,,0.0,0.0,0.0,0.0,0.0,0.0,0.0,0.0,0.0,0.0
 07/16  02:00:00,22.425,0.0,0.0,0.0,0.0,0.0,0.0,0.0,0.0,0.0,0.0,13.054407971071939,12.629209011921018,12.053082643722542,12.649851387921752,12.000255691546458,13.85836598033382,23.595469263632193,0.0,0.0,21.793910183378113,15.840000000000002,0.0,21.779350823804585,6.840000000000001,0.0,21.74856001474857,15.840000000000002,0.0,21.785970177593917,6.840000000000001,0.0,21.6243999464955,29.640000000000004,0.0,0.0,0.0,0.0,0.0,0.0,0.0,0.0,0.0,0.0,0.0,0.0,0.0,0.0,0.0,0.0,0.0,0.0,0.0,0.0,8.47114146871561,8.47114146871561,0.0,0.0,44.70974316415027,0.0,8.47114146871561,0.0,23.684415634320167,0.009569701805414776,13.054407971071939,23.684415634320167,0.0,0.009569701805414776,13.0,82.0,0.0,0.0,0.0,7.22,0.0,22.425,0.0,0.016957618986477192,11.5,22.425,0.0,0.016957618986477192,4.5,1710000.0,0.0,0.0,0.0,0.0
 07/16  02:15:00,,0.0,0.0,0.0,0.0,0.0,0.0,0.0,0.0,0.0,0.0
 07/16  02:30:00,,0.0,0.0,0.0,0.0,0.0,0.0,0.0,0.0,0.0,0.0
 07/16  02:45:00,,0.0,0.0,0.0,0.0,0.0,0.0,0.0,0.0,0.0,0.0
 07/16  03:00:00,23.262499999999996,0.0,0.0,0.0,0.0,0.0,0.0,0.0,0.0,0.0,0.0,13.054407971071939,12.629209011921018,12.053082643722542,12.649851387921752,12.000255691546458,13.85836598033382,23.239044170432344,0.0,0.0,21.65960710946711,15.840000000000002,0.0,21.631600898058586,6.840000000000001,0.0,21.60408489909401,15.840000000000002,0.0,21.635395208117757,6.840000000000001,0.0,21.512191612352474,29.640000000000004,0.0,0.0,0.0,0.0,0.0,0.0,0.0,0.0,0.0,0.0,0.0,0.0,0.0,0.0,0.0,0.0,0.0,0.0,0.0,0.0,8.47114146871561,8.47114146871561,0.0,0.0,44.70974316415027,0.0,8.47114146871561,0.0,23.32653576108341,0.00956970180662696,13.054407971071939,23.32653576108341,0.0,0.00956970180662696,13.0,82.0,0.0,0.0,0.0,7.22,0.0,23.262499999999996,0.0,0.01751208148088913,11.5,23.262499999999996,0.0,0.01751208148088913,4.5,1710000.0,0.0,0.0,0.0,0.0
 07/16  03:15:00,,0.0,0.0,0.0,0.0,0.0,0.0,0.0,0.0,0.0,0.0
 07/16  03:30:00,,0.0,0.0,0.0,0.0,0.0,0.0,0.0,0.0,0.0,0.0
 07/16  03:45:00,,0.0,0.0,0.0,0.0,0.0,0.0,0.0,0.0,0.0,0.0
 07/16  04:00:00,23.9,0.0,0.0,0.0,0.0,0.0,0.0,0.0,0.0,0.0,0.0,13.054407971071939,12.629209011921018,12.053082643722542,12.649851387921752,12.000255691546458,13.85836598033382,22.927400014967827,0.0,0.0,21.631365316786862,15.840000000000002,0.0,21.577054604940408,6.840000000000001,0.0,21.57025155603755,15.840000000000002,0.0,21.57922591608773,6.840000000000001,0.0,21.422369743399212,29.640000000000004,0.0,0.0,0.0,0.0,0.0,0.0,0.0,0.0,0.0,0.0,0.0,0.0,0.0,0.0,0.0,0.0,0.0,0.0,0.0,0.0,8.47114146871561,8.47114146871561,0.0,0.0,44.70974316415027,0.0,8.47114146871561,0.0,22.99796161132847,0.00956970180658192,13.054407971071939,22.99796161132847,0.0,0.00956970180658192,13.0,82.0,0.0,0.0,0.0,7.22,0.0,23.9,0.0,0.017502202153596366,11.5,23.9,0.0,0.017502202153596366,4.5,1710000.0,0.0,0.0,0.0,0.0
 07/16  04:15:00,,0.0,0.0,0.0,0.0,0.0,0.0,0.0,0.0,0.0,0.0
 07/16  04:30:00,,0.0,0.0,0.0,0.0,0.0,0.0,0.0,0.0,0.0,0.0
 07/16  04:45:00,,0.0,0.0,0.0,0.0,0.0,0.0,0.0,0.0,0.0,0.0
 07/16  05:00:00,23.9,0.0,0.0,0.0,0.0,0.0,0.0,0.0,0.0,0.0,0.0,13.054407971071939,12.629209011921018,12.053082643722542,12.649851387921752,12.000255691546458,13.85836598033382,22.712886513869535,0.0,0.0,21.604218412871248,15.840000000000002,0.0,21.644844075784356,6.840000000000001,0.0,21.709206311931126,15.840000000000002,0.0,21.550094427741037,6.840000000000001,0.0,21.360583283767458,29.640000000000004,0.0,0.0,0.0,0.0,0.0,0.0,0.0,0.0,0.0,0.0,0.0,0.0,0.0,0.0,0.0,0.0,0.0,0.0,0.0,0.0,8.47114146871561,8.47114146871561,0.0,0.0,44.70974316415027,0.0,8.47114146871561,0.0,22.749796849084028,0.009569701806583496,13.054407971071939,22.749796849084028,0.0,0.009569701806583496,13.0,82.0,0.0,0.0,0.0,7.22,0.0,23.9,0.0,0.017698925295140944,11.5,23.9,0.0,0.017698925295140944,4.5,1710000.0,0.0,0.0,0.0,0.0
 07/16  05:15:00,,0.0,0.0,0.0,0.0,0.0,0.0,0.0,0.0,0.0,0.0
 07/16  05:30:00,,0.0,0.0,0.0,0.0,0.0,0.0,0.0,0.0,0.0,0.0
 07/16  05:45:00,,0.0,0.0,0.0,0.0,0.0,0.0,0.0,0.0,0.0,0.0
 07/16  06:00:00,24.9625,0.0,0.0,0.0,0.0,0.0,0.0,0.0,0.0,0.0,0.0,13.054407971071939,12.629209011921018,12.053082643722542,12.649851387921752,12.000255691546458,13.85836598033382,22.762302121517063,0.0,0.0,21.79484496717989,15.840000000000002,0.0,22.84064952499332,6.840000000000001,0.0,23.24282154676569,15.840000000000002,0.0,21.784435219434194,6.840000000000001,0.0,21.391934088444554,29.640000000000004,0.0,0.0,0.0,0.0,0.0,0.0,0.0,0.0,0.0,0.0,0.0,0.0,0.0,0.0,0.0,0.0,0.0,0.0,0.0,0.0,8.47114146871561,8.47114146871561,0.0,0.0,44.70974316415027,0.0,8.47114146871561,0.0,22.73924999320555,0.009569701806583444,13.054407971071939,22.73924999320555,0.0,0.009569701806583444,13.0,82.0,0.0,0.0,0.0,7.22,0.0,24.9625,0.0,0.018021090446122857,11.5,24.9625,0.0,0.018021090446122857,4.5,1710000.0,0.0,0.0,0.0,0.0
 07/16  06:15:00,,0.0,0.0,0.0,0.0,0.0,0.0,0.0,0.0,0.0,0.0
 07/16  06:30:00,,0.0,0.0,0.0,0.0,0.0,0.0,0.0,0.0,0.0,0.0
 07/16  06:45:00,,0.0,0.0,0.0,0.0,0.0,0.0,0.0,0.0,0.0,0.0
 07/16  07:00:00,26.2875,0.0,0.0,0.0,0.0,0.0,0.0,0.0,0.0,0.0,0.0,12.673142573563062,12.34345359813101,11.912083658977295,12.366997156855666,11.881228277892301,13.445912615531117,23.014442387604365,0.0,86.89250738082546,22.199649337974886,51.011464622083196,117.01366163484701,22.837952322637367,0.0,664.3892673751388,23.73462741591747,0.0,843.2091649167903,22.19900053415148,19.30320511611591,65.97899125617944,22.192271594871105,530.5793677764076,38.90818990982385,0.0,2704.328687958849,12955.668958817076,0.0,668.5433168934436,0.0,0.0,638.7771132857367,1215.8265863837096,0.0,0.0,12018.047813103522,4767.682797004053,540.5124974750399,540.5124974750408,2704.328687958849,3380.4108599485608,3114.964770501366,12955.668958817076,8.769320498805776,7.219999999999999,1.994489398161252,16070.63372931844,51.445055991995986,0.021113801555115986,8.769320498805776,1.9944893981612521,13.424892643816852,0.008779254127461826,11.771387757630663,12.998570147525006,0.37326490058834044,0.008779254127461826,13.0,82.0,0.0,0.0,0.02583535810110153,7.219999999999999,1.2923892861911381,11.500169514907727,0.31057230924622753,0.008657566961417226,11.5,26.287499999999998,0.31057230924622753,0.017913011004925074,4.5,16135014.511278236,1356573.8666003842,11213873.173804916,0.0,1356573.8666003842
 07/16  07:15:00,,0.0,0.0,0.0,0.0,0.0,0.0,0.0,0.0,0.0,0.0
 07/16  07:30:00,,0.0,0.0,0.0,0.0,0.0,0.0,0.0,0.0,0.0,0.0
 07/16  07:45:00,,0.0,0.0,0.0,0.0,0.0,0.0,0.0,0.0,0.0,0.0
 07/16  08:00:00,27.7,0.0,0.0,0.0,0.0,0.0,0.0,0.0,0.0,0.0,0.0,12.175597414613522,11.96266045952764,11.744379616955547,11.938769164487507,11.737189791409412,12.77877203391346,23.502076911221423,0.0,171.16767746485039,22.20007127523308,0.0,394.3039947327105,23.811090704945627,0.0,896.8121581392734,23.89987151949371,0.0,1153.2629281702114,22.199519225681147,0.0,209.68991511311347,22.200323907836452,218.4887577208431,0.0,0.0,1608.1162101145549,13909.960628743811,0.0,344.719399639359,0.0,0.0,477.88878582836304,951.8259847204793,0.0,0.0,12456.318199331421,5220.440241048466,1020.2259510346504,1020.225951034651,1608.1162101145549,2010.1452626431935,3378.966584832163,13909.960628743811,8.879264473364872,7.22,1.9994201727381329,17288.927213575975,45.80244947247484,0.01066423065970147,8.879264473364872,1.9994201727381329,14.47665157637983,0.008734061056004399,11.700124413011746,12.988789350568844,0.4143879479148571,0.008734061056004399,13.0,82.0,0.0,0.0,0.0474403861466738,7.22,1.3390625858791483,11.50702369758373,0.31057230924622753,0.008627356634909803,11.5,27.7,0.31057230924622753,0.017864260623782005,4.5,17105145.403518684,1381512.2611948312,12164279.705395786,0.0,1381512.2611948312
 07/16  08:15:00,,11.0,5.0,11.0,5.0,20.0,11.0,5.0,11.0,5.0,20.0
 07/16  08:30:00,,11.0,5.0,11.0,5.0,20.0,11.0,5.0,11.0,5.0,20.0
 07/16  08:45:00,,11.0,5.0,11.0,5.0,20.0,11.0,5.0,11.0,5.0,20.0
 07/16  09:00:00,29.3625,11.0,5.0,11.0,5.0,20.0,11.0,5.0,11.0,5.0,20.0,12.52479098701712,13.136108422404952,12.51312177482327,12.849574394403316,12.80329990989852,13.803735761585719,24.861274983595926,540.6673179058072,0.0,23.62195959295572,0.0,1024.310430027646,23.899237871693067,0.0,1885.3579460395413,23.89928598788119,0.0,2281.6353494764166,22.74468049999717,0.0,729.0304725920845,23.4779053535598,0.0,900.2784147413624,0.0,0.0,17223.158623278447,0.0,0.0,0.0,0.0,0.0,0.0,0.0,0.0,12912.04924827475,5721.346873599688,3929.8188594373114,3753.325155557336,0.0,0.0,4261.608180802411,17223.158623278447,9.2566282278093,7.219999999999999,2.0160698140785454,21484.766804080857,44.176570053922624,0.0,9.2566282278093,2.0160698140785454,18.16608583800443,0.008901128696318612,11.972336381365803,12.994978327814703,0.6245493826454491,0.008796009845289464,13.0,82.0,0.0,0.0,0.1728197446071752,7.219999999999999,1.3524824895781835,11.614927289744843,0.31057230924622753,0.008659102235538714,11.5,29.362499999999997,0.31057230924622753,0.017837608642067737,4.5,50257810.527888484,1561231.732330301,15341789.450888678,0.0,1561231.732330301
 07/16  09:15:00,,11.0,5.0,11.0,5.0,20.0,11.0,5.0,11.0,5.0,20.0
 07/16  09:30:00,,11.0,5.0,11.0,5.0,20.0,11.0,5.0,11.0,5.0,20.0
 07/16  09:45:00,,11.0,5.0,11.0,5.0,20.0,11.0,5.0,11.0,5.0,20.0
 07/16  10:00:00,30.6875,11.0,5.0,11.0,5.0,20.0,11.0,5.0,11.0,5.0,20.0,13.459686933445258,13.63945110884779,12.431582418862838,13.11036166934828,13.439259988665668,14.678040077612147,25.697900616716524,1.821571219348698,257.0047057611173,23.898416210501676,0.0,2031.4072175281754,23.898757408337925,0.0,2291.627207844901,23.898527930657398,0.0,2639.294011443003,23.807386771206986,0.0,890.377279641753,23.898293566085396,0.0,2190.332472923972,0.0,0.0,23030.091864343955,0.0,0.0,0.0,0.0,0.0,0.0,0.0,0.0,13247.63990147633,6114.347204816825,9390.37317695728,7766.344495850275,0.0,0.0,5897.706842696432,23030.091864343955,9.790420147774913,7.219999999999999,2.1371133183019904,28927.798707040387,44.176570053922624,0.0,9.790420147774913,2.1371133183019904,20.808233588901867,0.009418027101982435,12.813593940249577,13.000546210101234,0.9013802557700465,0.008706212857291605,13.0,82.0,0.0,0.0,0.4463629240389019,7.219999999999999,1.3524824895781835,11.719552938714127,0.31057230924622753,0.008694616199795181,11.5,30.6875,0.31057230924622753,0.0177991399179414,4.5,67080068.972376525,2032132.7158252646,21231744.633707155,0.0,2032132.7158252646
 07/16  10:15:00,,11.0,5.0,11.0,5.0,20.0,11.0,5.0,11.0,5.0,20.0
 07/16  10:30:00,,11.0,5.0,11.0,5.0,20.0,11.0,5.0,11.0,5.0,20.0
 07/16  10:45:00,,11.0,5.0,11.0,5.0,20.0,11.0,5.0,11.0,5.0,20.0
 07/16  11:00:00,31.475,11.0,5.0,11.0,5.0,20.0,11.0,5.0,11.0,5.0,20.0,13.354676088646388,13.256920833800852,12.352372027791812,13.01725073470604,13.2514647515604,14.433073838311987,26.272636680462558,0.0,826.2366455588281,23.89810931544811,0.0,2344.8232054552077,23.898652374635525,0.0,2187.2636649131473,23.898257448568707,0.0,2615.2662075426315,23.89817182809269,0.0,1066.3815057067875,23.89777056084823,0.0,2453.883294544327,0.0,0.0,25018.00217847727,0.0,0.0,0.0,0.0,0.0,0.0,0.0,0.0,13686.147683523604,6320.853491043291,10873.397054890167,8936.71728247491,0.0,0.0,6527.474289055975,25018.00217847727,9.955980771844882,7.219999999999999,2.181692871414133,31545.476467533244,44.176570053922624,0.0,9.955980771844882,2.181692871414133,21.51528600924188,0.00946167595158095,12.88354053993398,13.001033049055053,0.9570293746638379,0.00865994387367845,13.0,82.0,0.0,0.0,0.5328513883487073,7.22,1.3524824895781835,11.879961087607732,0.31057230924622753,0.008784125689446583,11.5,31.475,0.31057230924622753,0.018183645394839902,4.5,70879116.44283552,2172989.950026868,23498907.44060151,0.0,2172989.950026868
 07/16  11:15:00,,8.8,4.0,8.8,4.0,16.0,8.8,4.0,8.8,4.0,16.0
 07/16  11:30:00,,8.8,4.0,8.8,4.0,16.0,8.8,4.0,8.8,4.0,16.0
 07/16  11:45:00,,8.8,4.0,8.8,4.0,16.0,8.8,4.0,8.8,4.0,16.0
 07/16  12:00:00,32.0125,8.8,4.0,8.8,4.0,16.0,8.8,4.0,8.8,4.0,16.0,13.165004811108554,12.932639528813475,12.330838891187113,12.836330251591953,12.921637072581062,14.08720055313421,26.816084803181138,0.0,1285.148040901916,23.89841652786362,0.0,2391.0411706154755,23.898912311121578,0.0,1786.9663578344016,23.898472495652964,0.0,2512.3146694865586,23.89846325277157,0.0,1091.5429277484473,23.898111871011455,0.0,2341.78410579701,0.0,0.0,24563.907195587923,0.0,0.0,0.0,0.0,0.0,0.0,0.0,0.0,13822.82896166978,6480.680013405609,10233.468990845715,8589.077865332234,0.0,0.0,6436.73992899242,24563.907195587923,9.877837575845025,7.219999999999999,2.205148409010816,31000.647124580344,44.176570053922624,0.0,9.877837575845025,2.205148409010816,21.63725606539081,0.009376208765301933,12.747031318010691,12.998596477427881,0.9081583867783654,0.008658884236068757,13.0,82.0,0.0,0.0,0.49513326166468474,7.219999999999999,1.3524824895781835,11.921321078054286,0.31057230924622753,0.008797288220865944,11.5,32.0125,0.31057230924622753,0.01816698941868193,4.5,69097863.55379495,2046807.3569274195,23172263.74437271,0.0,2046807.3569274195
 07/16  12:15:00,,4.4,2.0,4.4,2.0,8.0,4.4,2.0,4.4,2.0,8.0
 07/16  12:30:00,,4.4,2.0,4.4,2.0,8.0,4.4,2.0,4.4,2.0,8.0
 07/16  12:45:00,,4.4,2.0,4.4,2.0,8.0,4.4,2.0,4.4,2.0,8.0
 07/16  13:00:00,32.575,4.4,2.0,4.4,2.0,8.0,4.4,2.0,4.4,2.0,8.0,12.844776189098372,12.490018299595368,12.202234994305758,12.454573872129496,12.474522426070084,13.573360280374803,27.34586849037166,0.0,1580.4212715197582,23.898978806743244,0.0,2239.1109104019706,23.899267871927925,0.0,1323.397723712506,23.89899839676982,0.0,2291.730546359945,23.899010841056846,0.0,1028.4185185501783,23.8987685487699,0.0,1907.3063253063333,0.0,0.0,22883.646346995756,0.0,0.0,0.0,0.0,0.0,0.0,0.0,0.0,14114.719289900977,6630.919915011026,8245.956938882422,7145.083558352766,0.0,0.0,5989.898158553923,22883.646346995756,9.669989704472036,7.219999999999999,2.2284000153885364,28873.544505549675,44.176570053922624,0.0,9.669989704472036,2.2284000153885364,21.24403120217197,0.009248037689588266,12.540358102093352,13.001611861766076,0.7889195396886026,0.00869520188242297,13.0,82.0,0.0,0.0,0.38245550536480055,7.219999999999999,1.3524824895781835,12.026882959129107,0.31057230924622753,0.008855497191839493,11.5,32.575,0.31057230924622753,0.01840521838586875,4.5,63209818.45159446,1796017.6076320997,21563633.37079412,0.0,1796017.6076320997
 07/16  13:15:00,,8.8,4.0,8.8,4.0,16.0,8.8,4.0,8.8,4.0,16.0
 07/16  13:30:00,,8.8,4.0,8.8,4.0,16.0,8.8,4.0,8.8,4.0,16.0
 07/16  13:45:00,,8.8,4.0,8.8,4.0,16.0,8.8,4.0,8.8,4.0,16.0
 07/16  14:00:00,33.1125,8.8,4.0,8.8,4.0,16.0,8.8,4.0,8.8,4.0,16.0,12.654918808729306,12.539915423575838,12.41403706060908,12.526900366624206,12.470959177671112,13.505024838976992,27.61577035663267,0.0,2139.789300657885,23.898859909250262,0.0,2589.1918222018917,23.89894655894509,0.0,1321.5207838879935,23.898863974945005,0.0,2612.765652755659,23.89881306309108,0.0,1314.3067244751921,23.89859186499784,0.0,2393.5472635302212,0.0,0.0,25446.859661935225,0.0,0.0,0.0,0.0,0.0,0.0,0.0,0.0,14353.454357466293,6779.248799231864,10653.499542599227,9348.92792290082,0.0,0.0,6795.175130597987,25446.859661935225,9.942494561110383,7.219999999999999,2.2302221804339206,32242.034792533217,44.176570053922624,0.0,9.942494561110383,2.2302221804339206,22.345685506315824,0.009164897582710007,12.404934342354993,12.998778787652473,0.9183158004821868,0.008602235079601082,13.0,82.0,0.0,0.0,0.5205387365788396,7.219999999999999,1.3524824895781835,12.110646901688902,0.31057230924622753,0.008899235026238862,11.5,33.1125,0.31057230924622753,0.018563729085535583,4.5,69086851.69190246,2072354.9569124356,24462630.470152754,0.0,2072354.9569124356
 07/16  14:15:00,,11.0,5.0,11.0,5.0,20.0,11.0,5.0,11.0,5.0,20.0
 07/16  14:30:00,,11.0,5.0,11.0,5.0,20.0,11.0,5.0,11.0,5.0,20.0
 07/16  14:45:00,,11.0,5.0,11.0,5.0,20.0,11.0,5.0,11.0,5.0,20.0
 07/16  15:00:00,33.3,11.0,5.0,11.0,5.0,20.0,11.0,5.0,11.0,5.0,20.0,12.885758381186513,12.730367213295787,12.660742262056212,12.736417432738099,12.463353055278564,13.813042255001783,27.783523038095726,0.0,2423.110568062948,23.898436220417885,0.0,2748.993625423553,23.898519761488878,0.0,1304.3062583663082,23.898448494761908,0.0,2715.632963551804,23.898387477071044,0.0,1662.1463805796307,23.8982061680975,0.0,2567.572396231798,0.0,0.0,26810.376718328884,0.0,0.0,0.0,0.0,0.0,0.0,0.0,0.0,14126.656635208194,6866.678229909577,12204.495832648267,10519.810523656695,0.0,0.0,7230.061030830322,26810.376718328884,10.064327620003704,7.22,2.2491000731458817,34040.4377491592,44.176570053922624,0.0,10.064327620003704,2.2491000731458817,22.802438595549344,0.009241623587259502,12.529990471233358,13.002477768107653,0.9874946411499166,0.008565943197798838,13.0,82.0,0.0,0.0,0.6085382670323117,7.22,1.3524824895781835,12.009102358653745,0.31057230924622753,0.00882194191723552,11.5,33.3,0.31057230924622753,0.01808617767211327,4.5,71756908.08333898,2259433.1719818013,26028219.71098916,0.0,2259433.1719818013
 07/16  15:15:00,,11.0,5.0,11.0,5.0,20.0,11.0,5.0,11.0,5.0,20.0
 07/16  15:30:00,,11.0,5.0,11.0,5.0,20.0,11.0,5.0,11.0,5.0,20.0
 07/16  15:45:00,,11.0,5.0,11.0,5.0,20.0,11.0,5.0,11.0,5.0,20.0
 07/16  16:00:00,32.9875,11.0,5.0,11.0,5.0,20.0,11.0,5.0,11.0,5.0,20.0,12.987085946066482,12.806281252462279,12.81334682861237,12.862949261307714,12.301014897681704,14.010735934064495,27.88352952503469,0.0,2468.568071336833,23.89836029391223,0.0,2665.9637333403143,23.898456091046743,0.0,1184.3634721268563,23.898393289639365,0.0,2521.2791093188234,23.898553974907045,0.0,2017.1823716469148,23.898091618638702,0.0,2462.750950113877,0.0,0.0,26571.230258090804,0.0,0.0,0.0,0.0,0.0,0.0,0.0,0.0,13949.768077158418,6784.73987955951,12113.472773659018,10364.377220170078,0.0,0.0,7126.048109402987,26571.230258090804,10.014583762653933,7.219999999999999,2.268710444486305,33697.27836749379,44.176570053922624,0.0,10.014583762653933,2.268710444486305,22.791946578072924,0.009285121434404787,12.600481254611925,12.998782196621118,0.9737695168422569,0.00857346114246981,13.0,82.0,0.0,0.0,0.6023591675137749,7.219999999999999,1.3524824895781835,11.94474252212958,0.31057230924622753,0.008785399245334167,11.5,32.9875,0.31057230924622753,0.017928910850637376,4.5,69560496.66763687,2219438.4789279136,25653773.193850752,0.0,2219438.4789279136
 07/16  16:15:00,,11.0,5.0,11.0,5.0,20.0,11.0,5.0,11.0,5.0,20.0
 07/16  16:30:00,,11.0,5.0,11.0,5.0,20.0,11.0,5.0,11.0,5.0,20.0
 07/16  16:45:00,,11.0,5.0,11.0,5.0,20.0,11.0,5.0,11.0,5.0,20.0
 07/16  17:00:00,32.8,11.0,5.0,11.0,5.0,20.0,11.0,5.0,11.0,5.0,20.0,13.069285356397051,12.966655972812553,13.050589069201715,13.080868509107134,12.26533847011597,14.270608272942631,27.953962733619115,0.0,2222.5664276633206,23.898455574514376,0.0,2408.865016602655,23.89852907824482,0.0,1022.1426463669916,23.898475844885105,0.0,2204.5727572376486,23.898676512219613,0.0,2209.5727213044015,23.898216430174088,0.0,2158.675979435303,0.0,0.0,25506.06682589704,0.0,0.0,0.0,0.0,0.0,0.0,0.0,0.0,14171.698496863864,6697.939240172786,10810.36449667728,9227.648121690692,0.0,0.0,6784.488498032913,25506.06682589704,9.887945867778237,7.219999999999999,2.281047765889465,32290.555323929948,44.176570053922624,0.0,9.887945867778237,2.281047765889465,22.444189302529082,0.009316267382442707,12.65073060159297,12.998028794271166,0.8974465765633896,0.008617395092985678,13.0,82.0,0.0,0.0,0.5262968330407951,7.219999999999999,1.3524824895781835,12.04387323748324,0.31057230924622753,0.008860955176277953,11.5,32.8,0.31057230924622753,0.018397746258644473,4.5,64544048.779609695,2021267.5512731862,24424158.592918485,0.0,2021267.5512731862
 07/16  17:15:00,,11.0,5.0,11.0,5.0,20.0,11.0,5.0,11.0,5.0,20.0
 07/16  17:30:00,,11.0,5.0,11.0,5.0,20.0,11.0,5.0,11.0,5.0,20.0
 07/16  17:45:00,,11.0,5.0,11.0,5.0,20.0,11.0,5.0,11.0,5.0,20.0
 07/16  18:00:00,32.1125,11.0,5.0,11.0,5.0,20.0,11.0,5.0,11.0,5.0,20.0,13.26977728336115,13.177694156374116,13.294822103053516,13.308740178210993,12.33602053729924,14.506913283194022,27.89203674289941,0.0,1927.270961537677,23.898468868221613,0.0,2167.8066432236164,23.898507469934643,0.0,917.1681094029316,23.89845417260366,0.0,2002.549820911214,23.898753783215955,0.0,2144.0309834499603,23.898105157790447,0.0,2117.851424283341,0.0,0.0,24066.210221716683,0.0,0.0,0.0,0.0,0.0,0.0,0.0,0.0,13820.570743813987,6513.606691730214,9696.987406146765,8238.497357419115,0.0,0.0,6300.990591732334,24066.210221716683,9.729913204748259,7.219999999999999,2.28765358418418,30367.200813449017,44.176570053922624,0.0,9.729913204748259,2.28765358418418,21.989351624204097,0.009346783603469971,12.699882891344567,13.001225144101028,0.8387139152636183,0.008658534018144946,13.0,82.0,0.0,0.0,0.46318143329582717,7.219999999999999,1.3524824895781835,11.917546000105933,0.31057230924622753,0.008791700921811928,11.5,32.1125,0.31057230924622753,0.018116516669572005,4.5,62681528.45989629,1893275.4776906492,22683566.130236402,0.0,1893275.4776906492
 07/16  18:15:00,,5.5,2.5,5.5,2.5,10.0,5.5,2.5,5.5,2.5,10.0
 07/16  18:30:00,,5.5,2.5,5.5,2.5,10.0,5.5,2.5,5.5,2.5,10.0
 07/16  18:45:00,,5.5,2.5,5.5,2.5,10.0,5.5,2.5,5.5,2.5,10.0
 07/16  19:00:00,31.012500000000003,5.5,2.5,5.5,2.5,10.0,5.5,2.5,5.5,2.5,10.0,13.349461796413827,13.28928424778076,13.185688905437406,13.413116235437915,12.447201295636416,14.673152563385575,27.836831375883335,0.0,1157.3824634342072,23.89916312837297,0.0,1270.0866570354901,23.395653869972282,0.0,700.9728267373154,23.89915950683361,0.0,1164.0481410998848,23.899360611426953,0.0,1411.2655444882257,23.899109109882204,0.0,1019.8663660507217,0.0,0.0,17569.71322348081,0.0,0.0,0.0,0.0,0.0,0.0,0.0,0.0,13577.861861571564,6182.354411953876,3359.9705651321165,2961.10639116922,0.0,0.0,4426.552192604495,17569.71322348081,9.039058039388683,7.22,2.30420345345392,21996.265416085305,44.176570053922624,0.0,9.039058039388683,2.30420345345392,17.942108914530436,0.009150482711061614,12.38122779121463,13.059164693868643,0.5050512165332406,0.0088414906443368,13.0,82.0,0.0,0.0,0.1448278916498423,7.219999999999999,1.3524824895781835,11.847714646896755,0.31057230924622753,0.008775428626122876,11.5,31.012500000000003,0.31057230924622753,0.018213734761919127,4.5,41102781.21513095,1447590.184247354,15935587.893376183,0.0,1447590.184247354
 07/16  19:15:00,,0.0,0.0,0.0,0.0,0.0,0.0,0.0,0.0,0.0,0.0
 07/16  19:30:00,,0.0,0.0,0.0,0.0,0.0,0.0,0.0,0.0,0.0,0.0
 07/16  19:45:00,,0.0,0.0,0.0,0.0,0.0,0.0,0.0,0.0,0.0,0.0
 07/16  20:00:00,30.225,0.0,0.0,0.0,0.0,0.0,0.0,0.0,0.0,0.0,0.0,13.182302935714453,12.794242017927377,12.372234698073676,12.89638555322334,12.127572499787602,14.149053133501491,27.202091672610482,0.0,1189.505650009026,23.39498439206177,0.0,835.3853446293081,22.357539472790826,0.0,582.2837475127317,23.353067886694188,0.0,787.7691479390711,23.32522650833288,0.0,771.5891844450787,23.099871617605157,0.0,807.1577233527487,0.0,39.67901681842827,15404.830452731887,0.0,0.0,51.59222686087047,0.0,0.0,0.0,0.0,0.0,13778.963294177262,5901.639964727394,1086.5879840722073,923.7913462202321,39.67901681842827,49.59877102303534,3831.995195586308,15404.830452731887,8.811664944671758,7.22,2.308422249602475,19236.82564831819,44.11346768526397,0.00024997625121660785,8.811664944671758,2.308422249602475,14.446201367485541,0.009009222109247686,12.148322085890198,13.000256095153107,0.37050442501268754,0.008835085363356277,13.0,82.0,0.0,0.0,0.049477715950967935,7.219999999999999,1.3524824895781835,11.953790004386441,0.31057230924622753,0.008875890140759781,11.5,30.225,0.31057230924622753,0.01892831133167046,4.5,28073771.891908098,1354960.257918032,13795182.704110708,0.0,1354960.257918032
 07/16  20:15:00,,0.0,0.0,0.0,0.0,0.0,0.0,0.0,0.0,0.0,0.0
 07/16  20:30:00,,0.0,0.0,0.0,0.0,0.0,0.0,0.0,0.0,0.0,0.0
 07/16  20:45:00,,0.0,0.0,0.0,0.0,0.0,0.0,0.0,0.0,0.0,0.0
 07/16  21:00:00,29.3125,0.0,0.0,0.0,0.0,0.0,0.0,0.0,0.0,0.0,0.0,12.871658287032348,12.456261702129993,12.055840171403181,12.539459721632612,11.9530735269738,13.697553942395771,27.161394486754137,0.0,0.0,23.698509271005584,47.52,0.0,23.25964880283238,20.520000000000003,0.0,23.602276218905228,47.52,0.0,23.99211602321586,20.520000000000003,0.0,22.95108647173507,88.92,0.0,0.0,0.0,0.0,0.0,0.0,0.0,0.0,0.0,0.0,0.0,0.0,0.0,0.0,0.0,0.0,0.0,0.0,0.0,0.0,8.819559529941696,8.819559529941696,0.0,0.0,43.89750244740144,0.0,8.819559529941696,0.0,27.15470860946855,0.009448353644365894,12.87196253244065,27.15470860946855,0.0,0.009448353644365894,13.0,82.0,0.0,0.0,0.0,7.219999999999999,0.0,29.3125,0.0,0.018771093218975483,11.5,29.3125,0.0,0.018771093218975483,4.5,5760000.0,0.0,0.0,0.0,0.0
 07/16  21:15:00,,0.0,0.0,0.0,0.0,0.0,0.0,0.0,0.0,0.0,0.0
 07/16  21:30:00,,0.0,0.0,0.0,0.0,0.0,0.0,0.0,0.0,0.0,0.0
 07/16  21:45:00,,0.0,0.0,0.0,0.0,0.0,0.0,0.0,0.0,0.0,0.0
 07/16  22:00:00,28.2125,0.0,0.0,0.0,0.0,0.0,0.0,0.0,0.0,0.0,0.0,12.88702146307984,12.46938154407331,12.067104432691774,12.553079859921548,11.961694777710028,13.714137931516985,26.773777290788814,0.0,0.0,23.4982406576412,27.720000000000002,0.0,23.265582545328105,11.970000000000002,0.0,23.407352327364848,27.720000000000002,0.0,23.82591820821125,11.970000000000002,0.0,22.744568981769813,51.87000000000001,0.0,0.0,0.0,0.0,0.0,0.0,0.0,0.0,0.0,0.0,0.0,0.0,0.0,0.0,0.0,0.0,0.0,0.0,0.0,0.0,8.819559529941696,8.819559529941696,0.0,0.0,43.89750244740144,0.0,8.819559529941696,0.0,26.92249009115618,0.009453957517774222,12.886653303920262,26.92249009115618,0.0,0.009453957517774222,13.0,82.0,0.0,0.0,0.0,7.22,0.0,28.2125,0.0,0.018868553891803464,11.5,28.2125,0.0,0.018868553891803464,4.5,1710000.0,0.0,0.0,0.0,0.0
 07/16  22:15:00,,0.0,0.0,0.0,0.0,0.0,0.0,0.0,0.0,0.0,0.0
 07/16  22:30:00,,0.0,0.0,0.0,0.0,0.0,0.0,0.0,0.0,0.0,0.0
 07/16  22:45:00,,0.0,0.0,0.0,0.0,0.0,0.0,0.0,0.0,0.0,0.0
 07/16  23:00:00,27.425,0.0,0.0,0.0,0.0,0.0,0.0,0.0,0.0,0.0,0.0,12.886779919237272,12.469196098185874,12.06696500390516,12.552881667264295,11.961621940820542,13.71386675433156,26.191367795521565,0.0,0.0,23.132907027329253,15.840000000000002,0.0,22.995116801743666,6.840000000000001,0.0,23.055747907022344,15.840000000000002,0.0,23.33238827202801,6.840000000000001,0.0,22.430057740685907,29.640000000000004,0.0,0.0,0.0,0.0,0.0,0.0,0.0,0.0,0.0,0.0,0.0,0.0,0.0,0.0,0.0,0.0,0.0,0.0,0.0,0.0,8.819559529941696,8.819559529941696,0.0,0.0,43.89750244740144,0.0,8.819559529941696,0.0,26.335412270485968,0.009454047611152322,12.886796437485993,26.335412270485968,0.0,0.009454047611152322,13.0,82.0,0.0,0.0,0.0,7.22,0.0,27.425,0.0,0.018640584138188008,11.5,27.425,0.0,0.018640584138188008,4.5,1710000.0,0.0,0.0,0.0,0.0
 07/16  23:15:00,,0.0,0.0,0.0,0.0,0.0,0.0,0.0,0.0,0.0,0.0
 07/16  23:30:00,,0.0,0.0,0.0,0.0,0.0,0.0,0.0,0.0,0.0,0.0
 07/16  23:45:00,,0.0,0.0,0.0,0.0,0.0,0.0,0.0,0.0,0.0,0.0
 07/16  24:00:00,26.512500000000003,0.0,0.0,0.0,0.0,0.0,0.0,0.0,0.0,0.0,0.0,12.886784871312795,12.469200102710236,12.066967538373902,12.552886061601416,11.961623570737139,13.713872419508162,25.639102585297074,0.0,0.0,22.8341380585873,15.840000000000002,0.0,22.741373316776723,6.840000000000001,0.0,22.765356793463745,15.840000000000002,0.0,22.936717892430597,6.840000000000001,0.0,22.220973286961346,29.640000000000004,0.0,0.0,0.0,0.0,0.0,0.0,0.0,0.0,0.0,0.0,0.0,0.0,0.0,0.0,0.0,0.0,0.0,0.0,0.0,0.0,8.819559529941696,8.819559529941696,0.0,0.0,43.89750244740144,0.0,8.819559529941696,0.0,25.773159350381267,0.009454039965309706,12.886784306064875,25.773159350381267,0.0,0.009454039965309706,13.0,82.0,0.0,0.0,0.0,7.22,0.0,26.512500000000003,0.0,0.01849745528628208,11.5,26.512500000000003,0.0,0.01849745528628208,4.5,1710000.0,0.0,0.0,0.0,0.0
